start state,goal state,avg success rate
[0.01463168 0.75866852],[-0.18973491  0.48298803],0.0
[-0.09467105  0.4082604 ],[-0.08894852  0.63471374],0.0
[0.03532685 0.73241938],[-0.14717276  0.68674387],0.0
[0.11921873 0.47425438],[-0.1420609   0.59522251],0.0
[0.17894824 0.69234232],[0.09946545 0.7614879 ],0.0
