option,salient event,num_goal_hits,num_executions,success_rate
global_option,,931,744635,0.001250276981339851
goal_option_1,Puck to goal 1/3,14,114,0.12280701754385964
goal_option_2,Puck to goal 2/3,3,288,0.010416666666666666
option_1_0,,19,485,0.03917525773195876
option_1_0_0,,3,26,0.11538461538461539
