option,salient event,num_goal_hits,num_executions,success_rate
global_option,,600,402166,0.0014919212464504707
goal_option_1,Puck to goal 1/3,1072,2212,0.484629294755877
goal_option_2,Puck to goal 2/3,4,294,0.013605442176870748
option_1_0,,1225,2442,0.5016380016380017
option_1_0_0,,1180,1254,0.9409888357256778
option_1_0_0_0,,1264,5265,0.24007597340930675
